data,k,p
lgs on looms,1.870411998121397,0.0010972114209532274
looms on lgs,4.524586384313081,0.0010332185312743028
