data,k,p
lgs on looms,2.221991176995247,0.0011477613598489056
looms on lgs,5.8664324090280555,0.0010322186423730698
