level,n_chars,mean,median,sd,HPDI_lower,HPDI_upper
1,36,0.4759275470405253,0.4682539212003139,0.09340443000013289,0.29858958984069023,0.6564699856278597
2,102,0.9632042800679516,0.9643383109244187,0.08059405504541975,0.8057563825138188,1.1182063435953196
3,65,1.3753640396595277,1.3731308431519842,0.13564846824057689,1.1178349242727683,1.6474276880869765
4,13,0.8363004190423099,0.7657354553687159,0.31876732748292,0.3540451755612861,1.4904172829735693
