level,n_chars,mean,median,sd,HPDI_lower,HPDI_upper
1,36,0.6045060773907138,0.5995062444033837,0.09126743082732289,0.4337855945124078,0.7873123698095146
2,102,1.0268073600813625,1.0285751930316285,0.059637817537300505,0.9082513142644456,1.1390670412751016
3,65,1.206226973891198,1.2037092927170152,0.0956328724747909,1.0163758579963025,1.389276713152738
4,13,0.8280181328392572,0.7793736070895949,0.27119920226463495,0.37237553602753237,1.3952606896160122
