level,n_chars,mean,median,sd,HPDI_lower,HPDI_upper
1,36,0.6034335335957625,0.5992694886246218,0.08996035459036004,0.4344599374200982,0.7827649690151288
2,102,1.028444897244203,1.0297110567945826,0.058712556784233316,0.9067027326070662,1.1364391934375973
3,65,1.2050389939995876,1.2024691376189036,0.09481688772849146,1.0128476419838957,1.3849403328640606
4,13,0.8236996738758439,0.7776781172141198,0.2700693125154198,0.3715863758286344,1.3700103394364562
