z.stat,p,alternative,method
292.94028636533506,4.999500049995e-4,two.sided,mean
245.17325873667085,4.999500049995e-4,two.sided,consensus
