z.stat,p,alternative,method
292.94028636533506,4.999500049995e-4,two.sided,mean
855.2856243833162,4.999500049995e-4,two.sided,consensus
