data,substitution,clock,rate,ML,sd
lgs,binary covarion,relaxed,heterogeneous,-7017.116758544956,14.948167305904148
lgs,binary covarion,relaxed,uniform,-8608.517079267944,13.4128076264094
lgs,binary covarion,strict,uniform,-8667.300268496549,12.393997998432738
looms,binary covarion,relaxed,uniform,-2083.851282211176,6.914045398901141
looms,binary covarion,strict,heterogeneous,-2041.518026174738,6.249124298736318
looms,binary covarion,strict,uniform,-2072.681083831027,6.04272174715692
looms,CTMC,strict,heterogeneous,-2049.577891420966,6.484759061783148
looms,CTMC,strict,uniform,-4212.760634123086,0.02057310337674044
